values,fault
0.0,False
0.0,False
0.0,False
0.0,False
0.0,False
0.0,False
0.7200239338984901,False
0.0,False
0.0,False
0.0,False
1.0,True
0.0,False
0.0,False
0.0,False
1.0,True
0.14976286277938727,False
0.0,False
0.0,False
0.0,False
0.0,False
0.0,False
0.0,False
0.0,False
0.0,False
0.0,False
1.0,True
0.0,False
0.0,False
0.0,False
0.0,False
0.0,False
0.0,False
0.0,False
0.0,False
0.6156634788152054,False
1.0,True
0.0,False
0.0,False
0.6767009616905287,False
0.217992603242929,False
0.0,False
0.0,False
0.0,False
0.0,False
1.0,True
0.0,False
0.0,False
0.1464316549346735,False
0.6510100948919063,False
0.0,False
0.0,False
0.0,False
0.0,False
0.0,False
0.0,False
0.0,False
0.0,False
0.0,False
0.0,False
0.0,False
0.9644222862500179,False
0.0,False
1.0,True
0.0,False
0.0,False
0.0,False
0.0,False
0.0,False
0.0,False
0.0,False
0.0,False
0.0,False
0.12317866420866037,False
0.0,False
0.0,False
0.0,False
0.0,False
0.0,False
1.0,True
0.0,False
0.0,False
0.0,False
0.0,False
0.0,False
0.0,False
0.0,False
0.0,False
1.0,True
0.0,False
0.0,False
0.04772313313595429,False
0.0,False
0.0,False
0.0,False
1.0,True
0.0,False
0.0,False
0.0,False
0.0,False
0.0,False
0.0,False
0.0,False
0.0,False
0.0,False
0.0,False
0.0,False
0.0,False
0.0,False
1.0,True
0.0,False
0.0,False
0.0,False
0.0,False
0.0,False
0.0,False
0.0,False
0.0,False
1.0,True
0.0,False
0.0,False
0.0,False
0.0,False
0.0,False
0.0,False
0.0,False
0.7232576075962364,False
0.6890922971641582,False
0.0,False
0.0,False
0.0,False
0.0,False
0.0,False
0.0,False
0.0,False
0.0,False
0.04287264696318304,False
0.0,False
0.0,False
0.0,False
0.0,False
0.0,False
0.0,False
0.0,False
1.0,True
0.0,False
0.0,False
0.0,False
0.0,False
0.0,False
0.0,False
0.0,False
0.0,False
0.0,False
0.0,False
0.7674276146583204,False
0.7553185805731325,False
1.0,True
0.0,False
0.0,False
0.0,False
0.0,False
0.0,False
0.761070290181438,False
0.0,False
0.0,False
0.04238101620259513,False
0.0,False
0.0,False
0.0,False
0.0,False
0.0,False
0.0,False
0.0,False
0.0,False
0.0,False
0.0,False
0.746888700364687,False
0.0,False
0.040161065912861345,False
0.0,False
0.09117985891565018,False
0.148965574749074,False
0.0,False
0.0,False
0.0,False
0.0,False
1.0,True
0.0,False
0.0,False
0.0,False
0.0,False
0.0,False
0.0,False
0.0,False
0.0,False
0.0,False
0.0,False
0.0,False
0.0,False
0.0,False
0.0,False
0.0,False
0.03833917506578709,False
0.0,False
1.0,True
0.0,False
0.0,False
0.9008296779956814,False
0.0,False
0.0,False
0.0,False
0.0,False
0.0427486430045479,False
0.0,False
0.0,False
0.0,False
0.0,False
0.9005435640658737,False
0.0,False
0.0,False
0.0,False
0.0,False
0.0,False
0.6247950759341947,False
0.0,False
0.0,False
0.0,False
0.7190373153868265,False
0.721554614868718,False
0.0,False
0.0,False
0.8308454783535353,False
0.0,False
1.0,True
0.0,False
0.0,False
0.0,False
0.0,False
0.0,False
0.042612792789012595,False
0.0,False
0.0,False
0.0,False
0.0,False
0.0,False
1.0,True
0.0,False
0.0,False
0.8863330546745748,False
1.0,True
0.8174247223465392,False
0.0,False
0.0,False
0.0,False
0.0,False
0.0,False
0.0,False
0.0,False
0.0,False
0.0,False
0.8902688549500548,False
0.16757164178571096,False
0.0,False
0.0,False
0.0,False
0.0,False
0.854231259020612,False
0.0,False
0.0,False
1.0,True
1.0,True
0.0,False
0.0,False
0.0,False
0.0,False
0.4322871531915685,False
0.0,False
0.7125561458415944,False
0.14789301041976108,False
0.0,False
0.0,False
0.0,False
0.0,False
1.0,True
0.0,False
0.0,False
0.0,False
0.0,False
0.0,False
0.0,False
0.0,False
0.0,False
0.0,False
0.0,False
0.0,False
0.0,False
0.0,False
0.0,False
0.0,False
0.0,False
0.0,False
0.0,False
1.0,True
0.0,False
0.0,False
1.0,True
0.04033148205329828,False
0.0,False
0.0,False
0.0,False
0.0,False
0.0,False
0.0,False
0.0,False
0.0,False
0.0,False
0.0,False
0.5183619839771035,False
0.0,False
0.0,False
0.0,False
0.0,False
0.0,False
0.1361076517470936,False
0.0,False
0.0,False
0.0,False
1.0,True
0.0,False
0.0,False
0.0,False
1.0,True
0.0,False
0.0,False
0.0,False
0.0,False
0.0,False
0.09098894191074515,False
1.0,True
0.0,False
0.0,False
0.0,False
0.0,False
0.0,False
0.0,False
0.0,False
0.0,False
0.3399938543184478,False
1.0,True
0.04146427941757615,False
0.0,False
0.0,False
0.0,False
0.0,False
1.0,True
0.68052706626003,False
0.6829088949728902,False
0.0,False
0.0,False
0.0,False
0.0,False
0.0,False
0.0,False
1.0,True
0.0,False
0.0,False
0.0,False
0.0,False
0.8599066772759321,False
0.43320843716577767,False
0.0,False
0.7151659487661679,False
0.0,False
0.0,False
0.03766810562763014,False
0.0,False
0.6788531123783186,False
0.8478032088679062,False
0.0,False
0.7903039498479055,False
0.0,False
0.4320118423087787,False
0.0,False
0.0,False
0.0,False
0.0,False
0.0,False
0.0,False
0.0,False
0.0,False
0.0,False
0.5326804719393202,False
0.0,False
0.8544161518245872,False
0.0,False
0.0,False
0.014491213645001454,False
0.0,False
0.0,False
0.0,False
0.015423399250636951,False
0.0,False
0.0,False
0.0,False
0.0,False
0.0,False
0.0,False
0.032137993325869384,False
0.0,False
0.0,False
0.0,False
0.0,False
0.0,False
0.0,False
0.0,False
0.0,False
0.0,False
0.0,False
0.0,False
0.0,False
0.0,False
0.0,False
0.0,False
0.0,False
0.0,False
0.0,False
0.0,False
0.0,False
0.0,False
0.0,False
0.0,False
0.0,False
0.0,False
0.013452713734019925,False
0.0,False
0.0,False
0.0,False
0.0,False
0.0,False
0.013933416313542757,False
0.0,False
0.0,False
0.0,False
0.0,False
0.0,False
0.0,False
0.0,False
0.0,False
0.0,False
0.0,False
0.0,False
0.0710968332224355,False
0.04253276560565537,False
0.08632671912081234,False
0.08632671912081234,False
0.01669268677295903,False
0.07913928391163057,False
1.0,True
0.3770148891790303,False
0.034928240687815144,False
0.0,False
0.012311152168058918,False
0.0,False
0.0,False
0.013603834555111254,False
0.0060499980986502755,False
0.1494347005632753,False
0.0,False
0.05300784138850509,False
0.09591199543603239,False
0.060313571851173246,False
0.762146755145439,False
0.055626245719990586,False
0.0,False
0.3951618825846733,False
0.009993441413778514,False
0.019573507976005506,False
0.03087257077848426,False
0.0,False
0.029267231140736812,False
0.1792151149158473,False
0.0,False
0.35577193012530545,False
0.023523166862709,False
0.07643106938676483,False
0.08533044936642063,False
1.0,True
0.0,False
0.0075372133973691585,False
0.4744180931245388,False
0.0009469858966497181,False
0.0687602081300342,False
0.0,False
0.04460162969087771,False
0.0027956289823819745,False
0.0,False
0.033600892794379014,False
0.03591274360278575,False
0.06156511867443936,False
0.19455149484771006,False
0.006251598413482986,False
0.0,False
0.00037494329612060333,False
0.053125490020049244,False
0.5388405813827258,False
1.0,True
0.022112059848505373,False
0.044024419646263295,False
0.5719725189140581,False
0.021958620827775107,False
0.07151654579112185,False
0.0,False
0.44976934841559985,False
0.0759267037027028,False
0.05018252214890286,False
1.0,True
0.09433667546832089,False
0.5138939915327668,False
0.4116143952143674,False
0.020916265259281627,False
0.04379445743905786,False
0.0538688137110468,False
0.037311500532836925,False
0.1384875197721546,False
0.07479933577574102,False
0.7163608331046087,False
0.04606102494431993,False
0.025521215730213168,False
0.07179721473962915,False
0.0774649150108177,False
0.003923452530810525,False
0.07647236190012703,False
0.05399631793965927,False
0.3899671501125985,False
0.05684952107765239,False
0.044972788052308144,False
0.04232330494227656,False
0.08837426763318322,False
0.052702513623427476,False
0.0,False
0.07530472160571587,False
0.06514421408304202,False
0.0,False
0.06054296622769685,False
0.02735438278230346,False
0.0,False
0.02179789117644132,False
0.35305969674593657,False
0.022427731881824266,False
0.0,False
0.0,False
0.03828097564051583,False
0.011857816440830242,False
0.06391699956273102,False
0.0877701920685725,False
0.015133130706066424,False
0.028343348246864054,False
0.023668440488959188,False
0.08064329151508877,False
0.04979159679025256,False
0.06103442868963367,False
0.06574802383937049,False
0.05321875862562833,False
0.40585939267494414,False
0.07408707989928272,False
0.04928072022233651,False
0.0607736699884901,False
0.06348472298998831,False
0.060037680048771816,False
0.06865772982454686,False
0.05108416581064868,False
0.018255842615156465,False
0.07813854785230945,False
0.0,False
0.5006931040878514,False
0.0526092477038894,False
0.020817401145654554,False
0.03655772331798315,False
0.04629002891631436,False
0.008952472458934305,False
0.06548341171175277,False
0.5043048091424092,False
0.0809592522901552,False
0.03805684336579396,False
0.06545452296458121,False
0.06109051902444562,False
0.0796017959890096,False
0.0,False
0.0,False
0.060738269825696044,False
0.07040416324375595,False
0.0,False
0.060579375587727115,False
0.5583891704836785,False
0.0,False
0.0,False
0.0,False
0.0,False
0.06727265185376922,False
0.4655111402840303,False
1.0,True
0.06429217796115384,False
0.0,False
0.5583602411886267,False
0.0551357685597331,False
0.0,False
0.0,False
0.4380633707732166,False
0.0,False
0.03989205122514517,False
0.0,False
0.03594746416302559,False
0.14002118172755712,False
0.06376926704791887,False
0.033304341794789895,False
0.0,False
0.05487655268007236,False
0.0572011744021376,False
0.0602491061469032,False
0.08699155494545541,False
0.06429896130019092,False
0.023346561114848948,False
0.06121185676228042,False
0.0721965426937039,False
0.02615617518104154,False
0.09616373007002696,False
0.05009086246466177,False
0.07421755790622832,False
0.05713368484203303,False
0.0,False
0.02058665811882961,False
0.5743615502958557,False
0.06027612200320733,False
0.06598357859321163,False
0.07484657613688708,False
0.43610730861746316,False
0.08137009039351592,False
0.08146440862808343,False
0.18522643484194123,False
0.0,False
0.026798104460538087,False
0.06764309029759204,False
0.0,False
1.0,True
0.07409555943346212,False
0.07053052844258585,False
1.0,True
0.038363827842349076,False
0.01812757731055737,False
0.024707139165701292,False
0.0,False
0.087211736659523,False
0.06823658036876418,False
0.03288988539114246,False
0.0,False
1.0,True
0.5557125226860022,False
0.07444534630915632,False
0.07684366901665872,False
0.0,False
0.4103062329170702,False
0.0788494957786679,False
0.025489353899153574,False
0.07921348261947286,False
0.012342241696269083,False
0.051701046705983134,False
0.044514086894922776,False
0.026337704075225035,False
0.003931102897264087,False
0.0708853573628068,False
0.0643142757808347,False
0.0,False
0.36999081200762324,False
0.044403833135097485,False
0.07543114907267706,False
0.07053728008064167,False
0.0,False
1.0,True
0.050014581675691734,False
0.05161634491263328,False
0.01038863964852347,False
0.0,False
0.0,False
0.0,False
0.0,False
0.06745761141575725,False
0.02062763840554804,False
0.08857648552615065,False
0.0,False
0.5078164446589064,False
0.0640234015422644,False
0.05744267024861804,False
0.0650922062764839,False
0.0905288149980704,False
0.05309147515925657,False
0.06184495440045579,False
0.057524403701234114,False
0.060948431371914316,False
0.026318467409437614,False
0.07131932007137441,False
0.005655812762047365,False
0.010139453967595791,False
0.045490134999345,False
0.053049944395334156,False
0.0,False
0.05814964413135636,False
0.0003682809635037219,False
0.3935467747138118,False
0.015527453543906932,False
0.05403531804159137,False
0.07443169665568079,False
0.07413709655521654,False
0.01523128130941392,False
0.06761244600839252,False
0.05160563437444884,False
0.07934330824478529,False
0.025552008537907754,False
0.003983506970628457,False
0.0,False
0.102242293850056,False
0.34511751492862236,False
0.20223390907034028,False
0.02280957319073261,False
0.0,False
0.041070558022560516,False
0.0010020637122984044,False
0.05215602709758793,False
0.04865521880425641,False
0.021151339461458096,False
0.17750837463765287,False
0.4916601632294576,False
0.0,False
0.041009078844700085,False
0.06366832697637398,False
0.02554698198424259,False
0.07305183992001878,False
0.029312391897623705,False
0.08037225074874053,False
0.4059998388267037,False
0.016614842908695644,False
0.03014360723731676,False
0.022846123863394262,False
1.0,True
0.0,False
0.06252590421765884,False
0.2596582531878632,False
0.0,False
0.026100806208257256,False
0.05469609298262753,False
0.3892409719471906,False
0.01871848529806665,False
0.0392916360168898,False
0.08448255584977271,False
0.04486263917164573,False
0.04718776199301052,False
0.19251897595376963,False
0.0,False
0.07839799886002138,False
0.03515976954520671,False
0.04616146170588588,False
0.0843123951028681,False
0.0,False
0.008177043205507847,False
0.009126966225235214,False
0.05409334481223001,False
0.031291195723742546,False
0.0,False
0.06101632294274307,False
0.0,False
0.05455474600408225,False
0.05233765789079524,False
0.02245908316859305,False
0.055548613210564056,False
0.03653828156752682,False
0.04618968006570678,False
0.03647243820899475,False
0.06888946091116122,False
0.0,False
0.035195649143618675,False
0.777928614603585,False
0.06891892952813602,False
0.050336612279278624,False
0.08956896793092374,False
0.06729917972187964,False
0.003644984624636684,False
0.0541344796976557,False
0.005430763399661315,False
0.04995287066191048,False
0.7371639618654118,False
0.5170826423013195,False
0.06517162198777804,False
0.5009070090313515,False
0.011896290314358545,False
0.05280391934582637,False
0.05762346033198433,False
0.7712736069554654,False
0.05159944032926952,False
0.0,False
0.5697284903401447,False
0.044714944213836254,False
0.02606254806144828,False
0.4655144086405777,False
0.19449219338173263,False
0.05536303707999932,False
0.06286408358677162,False
1.0,True
0.030420207090386526,False
0.04109689617938279,False
0.0,False
0.0505176183347153,False
0.0,False
0.048700946283639676,False
0.0,False
0.04440209004123575,False
0.0,False
0.0,False
0.018510679894599456,False
0.05137072770556454,False
0.0618695399849381,False
0.03456628709496991,False
0.06269652739621237,False
0.07220349433095358,False
0.07428928191588706,False
0.05421533206956003,False
0.051081613957496386,False
0.010267982966487914,False
1.0,True
0.04415854377828055,False
0.0375887856116472,False
1.0,True
0.039262844447430854,False
0.0775366879109256,False
0.391168782498706,False
0.029431014673345652,False
0.030862940560317825,False
0.715595846541433,False
0.06610927857756521,False
0.02858790240687278,False
0.05109772007520083,False
0.02387044267082503,False
0.0,False
0.03386745275391064,False
0.04663211550160556,False
0.07754361101232556,False
0.15735254051918393,False
0.007034310331980938,False
0.08148013319193737,False
0.0,False
0.06827670251673146,False
0.002064115307506316,False
0.43560575994189343,False
0.08281350916605779,False
0.04487990198041871,False
0.038640998042156004,False
0.0,False
0.08082775140460566,False
0.0,False
0.0,False
1.0,True
0.0,False
0.018516597697365054,False
0.16220587784659105,False
0.0,False
0.0,False
0.08823131968763777,False
0.012944587486354065,False
0.0,False
0.4754539821213278,False
0.0,False
0.025174474053439713,False
0.0,False
0.013816204664489214,False
0.054698249112895,False
0.060816806237273965,False
0.048689713766366514,False
0.03578351831552081,False
0.09361330668901069,False
0.06245480336859501,False
0.03531309893911784,False
0.05786089474594385,False
0.16729848935205566,False
0.0510257796714751,False
0.0,False
0.024387731572908647,False
0.07802527881495794,False
0.5022642763339111,False
0.053593868331553766,False
0.08088690490896523,False
0.08340108330109694,False
0.0058348845268856595,False
0.009776418407189652,False
0.043653029203942775,False
0.37114110279807583,False
0.07940078894323396,False
0.0752987912233953,False
0.19463182945521568,False
0.021817639950393004,False
0.18706549095047628,False
0.0,False
0.050175923461679414,False
0.0056113477932696375,False
0.044330004247894364,False
0.03705999116174044,False
0.0,False
0.06650657730874189,False
0.0,False
0.08866283361558022,False
0.08482534075019743,False
0.0910412913983486,False
0.055493286624973014,False
0.03935025734739723,False
0.35046347818069556,False
0.06474923891564427,False
0.46370929266804356,False
0.09008357193984115,False
0.01952891099876957,False
0.040628839298450604,False
0.45821951925662874,False
0.5449422527607908,False
0.010862316689004942,False
0.45550183351678475,False
0.07913173375823507,False
0.0,False
0.0,False
0.06900848853012832,False
0.06578490123027032,False
0.05009209169310483,False
0.0,False
0.05061485801641999,False
0.0,False
0.0360619120554272,False
0.4133736642490231,False
0.039341253997458664,False
0.3937238031184101,False
0.03939665869948392,False
0.05534256533209355,False
0.043885647517369335,False
0.0,False
0.0499547469393097,False
0.02577154541451555,False
0.059154878835864774,False
0.0,False
1.0,True
0.3736292680340556,False
0.03058077997916149,False
0.20207038237686017,False
0.027601304443664626,False
0.0,False
0.0,False
0.056512059994191406,False
0.7652893030155415,False
0.09037976780676438,False
0.09031491682161745,False
0.0,False
0.01723962946275622,False
0.01049441567317984,False
0.05760911060175998,False
0.06540961614943357,False
0.014356563611297966,False
0.0,False
0.0021338824266139856,False
0.023485036469798333,False
0.0,False
0.014859098448111507,False
0.023917804604618998,False
0.4132289814144217,False
0.1964654619995396,False
0.060497794418781684,False
0.0,False
0.05948543959983449,False
0.054901529974710817,False
0.022282798091668964,False
0.0,False
0.07884257997878685,False
0.08092190507322815,False
0.01872091663249567,False
0.024005980440386158,False
0.052938967315400605,False
0.06725351600309012,False
0.0,False
0.02869850929994928,False
0.0,False
0.0,False
0.07464359895335969,False
0.05165706838145909,False
0.06679095190318807,False
0.053476037799603984,False
0.06105494354196544,False
0.0,False
0.0745960471749967,False
0.016036367860283833,False
0.4148005130768824,False
0.03712334015446698,False
0.01307306450110877,False
0.05255586885022482,False
0.059094923577627016,False
0.19554587104270924,False
0.0,False
0.0,False
0.06922461287857946,False
0.05381771170021616,False
0.007311721600605722,False
0.03497452231577828,False
0.03804363404224605,False
0.0,False
0.047253978049744266,False
0.044956116424010435,False
0.0,False
0.05734188883910701,False
0.07048618740859774,False
0.02939067864969998,False
0.08734293352708805,False
0.17832615828664156,False
0.47864988904351385,False
0.012862467573189809,False
0.04721407491004607,False
0.45965714804527696,False
0.026910939574415996,False
0.048451705292266514,False
0.4892689004438363,False
0.08810391363415254,False
0.08149121679760622,False
0.06443240050075462,False
0.07528513639684364,False
0.5440338827876058,False
0.013083363978119229,False
0.07266281487574368,False
0.08948744780341926,False
0.5271967369136882,False
0.0673660658704625,False
0.47521437614214557,False
1.0,True
0.0528576471431411,False
0.053864366924392365,False
0.08023035042139826,False
0.07065907825119043,False
0.0,False
0.08138907646502583,False
0.04485329877457867,False
0.0,False
0.07408511956600801,False
0.037602552388114364,False
0.08987858294875087,False
0.056500542497899604,False
0.016663704362195282,False
0.0,False
0.03688787775969949,False
0.059994795505280384,False
0.06324881736647153,False
0.0238090798956207,False
0.19744357508704424,False
0.018868277252939686,False
0.013940666184519938,False
0.0,False
0.050742065464393395,False
0.0,False
0.07489396281371044,False
1.0,True
0.3795015899874355,False
1.0,True
0.058784392414228205,False
0.07884725441781262,False
0.7817493347339797,False
0.0,False
0.024180764478272485,False
0.0,False
0.0495808142547668,False
0.011704473605241883,False
0.00559816069153076,False
0.08960891450376708,False
0.03241000319261578,False
0.37936712394007494,False
0.4321761797119582,False
0.059655305936831986,False
0.05603872528263236,False
0.4715296827428113,False
0.016161457907737792,False
0.04157006345230789,False
0.7523912759812873,False
0.032133059251246585,False
0.8913639498787479,False
0.0,False
0.0,False
0.49790853999293494,False
0.07619328328280141,False
0.05051921406645293,False
0.05168371792046374,False
0.0734076242436432,False
0.053082802592792695,False
0.04340693607980769,False
0.058256309821735845,False
0.0,False
0.0,False
0.022013528479773076,False
0.017335506674644653,False
0.5445616228582755,False
0.014381869884726853,False
0.05774220170826171,False
0.06885782838981508,False
0.026899242294131053,False
0.029241774684402685,False
0.0,False
0.01653654561483829,False
0.0,False
0.4411732350906312,False
0.028992542100509767,False
0.0,False
0.0,False
0.0,False
0.08126432761410284,False
0.02970688316497687,False
0.0371800924929139,False
0.0,False
0.07408639447530975,False
0.04652587333597795,False
0.04785498775527748,False
0.07030574127208473,False
0.007963877337038497,False
0.0,False
0.1976244945944396,False
0.03107355649134252,False
0.07528880306416658,False
0.0,False
0.767252637840213,False
0.0,False
0.036967425539107486,False
0.05751649975170878,False
0.05761036142924665,False
0.040138776292780384,False
0.0,False
0.0,False
0.470350627829939,False
0.7112633319049827,False
0.7510205162320371,False
0.13538462527990516,False
0.7426664034205731,False
0.0,False
0.04943034422179745,False
0.09283587855813062,False
0.061303746570739476,False
0.06873686508678746,False
0.06502781244074718,False
0.19493656941200735,False
0.06962456430405982,False
0.02463240815362796,False
0.027631137379979197,False
0.002162717627396792,False
0.0,False
0.39316425452193865,False
0.0421867378409665,False
0.06387091776455599,False
0.1579484426922665,False
0.06937540195712685,False
0.0,False
0.04697850978493541,False
0.0,False
0.06808908748666906,False
0.0,False
0.03298357401911392,False
0.0,False
0.0,False
0.06471720937072058,False
0.5527628878248596,False
0.056473936581449544,False
0.08577132531562698,False
0.03848459263562429,False
0.06111960501704802,False
0.03377798039963093,False
0.5567933319624031,False
0.7497689502570374,False
0.06274515620536367,False
0.07100822855737905,False
0.03746944206278963,False
0.021723513558613707,False
0.0,False
0.0,False
0.052459705637003445,False
0.0,False
0.05552505524625739,False
0.04690503347670268,False
0.047574771208883176,False
0.03905115852383801,False
0.039099238949893825,False
0.04339350537492152,False
0.04900571022505544,False
0.058246275905173624,False
0.0,False
0.07582775273779882,False
0.06323972505914396,False
0.04841358870359757,False
0.0034179724100680564,False
0.014708731383015318,False
0.05378818548370705,False
0.0,False
0.06755338461008119,False
0.08030300100553049,False
0.7604997110185697,False
0.05722464011664002,False
0.028540172420412156,False
0.003789767036571678,False
0.0456696006462824,False
0.024825612260270555,False
0.0,False
0.05083471171465155,False
0.04142551391211569,False
0.08607201058507553,False
0.04124101809792879,False
0.7511386744044604,False
0.08468103979070499,False
0.0717236104511267,False
0.0664296907047114,False
0.049495769882800376,False
0.006924627074730885,False
0.07398144308568885,False
0.44633333275505116,False
0.04227838482960301,False
0.07226854378834828,False
0.04473432456161415,False
0.06401933485208795,False
0.0,False
0.005683972632497718,False
0.08171945102361806,False
0.05114718765155621,False
0.0,False
0.06758966040117534,False
0.017108750582767875,False
0.0,False
0.02117634067801927,False
0.023874020872146826,False
0.02150468597591436,False
0.07431220591317546,False
0.07752738947564776,False
0.07623454329704334,False
0.07059083477991732,False
0.07688666626419445,False
0.0,False
1.0,True
0.455695553180744,False
0.09190720267055891,False
0.0,False
1.0,True
1.0,True
0.041834844271355594,False
1.0,True
0.0,False
0.07124613225237056,False
0.45131205490146103,False
0.07369253952465402,False
0.04302015176432237,False
0.0,False
0.1991405868126227,False
0.05358755238270511,False
0.01887173976529851,False
0.565833067220494,False
0.01632080355076874,False
0.0,False
0.03542790064967533,False
0.06123120292405146,False
0.004013081039390949,False
0.06308965393568423,False
0.1967407880756213,False
0.0011506204757899506,False
0.019523833947541726,False
0.20608704648234702,False
0.16236157478372248,False
0.0,False
0.09115268874261552,False
1.0,True
0.0,False
0.062300927318066614,False
0.028779532246176513,False
0.083536332739345,False
0.14203486546366006,False
0.03696245999477774,False
0.0810062924926153,False
1.0,True
0.030755514093657225,False
0.03895084052061902,False
0.0779634909895218,False
0.06193482548517662,False
0.06287272579811178,False
0.06558403112534547,False
0.03700853031228582,False
0.007004463427264034,False
0.08480276301472409,False
0.06418873613827879,False
0.07313329359204074,False
0.05026122222569079,False
0.05203019861229968,False
0.02405807141214709,False
0.0,False
0.1370355495593568,False
0.0,False
0.07120210096214563,False
0.03815691580154787,False
0.06097318042242927,False
0.05545924464270904,False
0.7810780502822334,False
0.08332769914561762,False
0.0687974836469557,False
0.006710842911465747,False
1.0,True
0.3991667120785352,False
0.031174000417573913,False
0.0,False
0.07224440204141669,False
0.05053775951281292,False
0.04478273416495331,False
0.05898560925196392,False
0.015829008454833926,False
0.04327956926445325,False
0.0,False
0.9872425343720187,False
0.051215145506128455,False
0.029232069567602628,False
0.004686436608850243,False
0.04658764523721861,False
0.038391259249000255,False
0.0036145111219469325,False
0.4900256354127404,False
0.05590790415269806,False
0.6187918578869778,False
0.061302359944894066,False
0.007983863128595173,False
0.05975853093042952,False
0.09027093163937494,False
0.007703801057320331,False
0.3532683540176144,False
0.38219542922479227,False
0.15945923173439525,False
0.18699344829687933,False
0.0,False
0.0,False
0.0,False
0.04954169638873628,False
0.035827795950404195,False
0.0,False
0.449498968140581,False
0.1721060632106564,False
0.008949138722604454,False
0.05315333883109194,False
0.019575711056581676,False
0.4644455383283503,False
0.04227887882950323,False
0.05747805775010355,False
0.02436608709453392,False
0.18224224930325875,False
0.13028620359749724,False
0.07019745404089162,False
0.5222795221894169,False
0.05419703831251044,False
0.03200948289538152,False
0.06457432827297363,False
0.05855197643326634,False
0.0903611098987053,False
0.048991171146929705,False
0.07171531323934194,False
0.045944213577312945,False
0.0714206333764795,False
1.0,True
0.0,False
0.03669175560686451,False
0.02076769037426036,False
0.04042369401194448,False
0.06023234213903031,False
0.03818585120771242,False
0.3799553366618366,False
0.04955740697292578,False
0.07390453832091813,False
0.05412851437097211,False
0.0,False
0.0,False
1.0,True
0.018313212599558704,False
0.12656643103974233,False
0.04765471888536309,False
0.4932760238541559,False
0.06788798203913596,False
0.06370821377810502,False
0.07078806444186012,False
0.09897792916687013,False
0.0,False
0.055213843090484084,False
0.011082527208763853,False
0.011625797157901088,False
0.01682146322719747,False
0.06659805414174459,False
0.0362296683189572,False
0.07448249091994273,False
0.005038516243241441,False
0.035843328282297256,False
0.0,False
0.015910591154061987,False
0.05557768607747318,False
0.020193563077366507,False
0.0,False
0.0,False
0.02986812198681267,False
0.05342254772969762,False
0.0613265994974397,False
0.02708995486258618,False
0.05299380129282232,False
0.0,False
0.0,False
0.049382624510684064,False
0.07607742392821655,False
0.04376026337140778,False
0.050971961663742564,False
0.042945541737632285,False
0.007492742974719552,False
0.0,False
0.0,False
0.0036935602136776236,False
0.3490366028783901,False
0.17345049435299031,False
0.04463998634996574,False
0.18117387369980056,False
0.06679663210434669,False
0.08225701934411371,False
0.00963273867215251,False
0.07089173862238388,False
0.0654184690798894,False
0.026722249129269716,False
1.0,True
0.04239058507207295,False
0.32998997507725775,False
0.05025249066504621,False
0.002085594360262416,False
0.06380002349161928,False
0.0,False
0.47043957923363106,False
0.0765342963653294,False
0.037108748515666826,False
0.09501326488324675,False
0.02584541060437277,False
0.46410894687014304,False
0.07670625034437903,False
0.032526624146824765,False
0.050773862473860634,False
0.024606586260729972,False
0.0637218919810962,False
0.06254573473622706,False
0.031100625530288625,False
0.03833478480548705,False
0.04092429068176022,False
0.06859897745905788,False
0.7602395421610215,False
0.04978759681380214,False
0.4799859122740867,False
0.03604433768147071,False
0.38212920028868824,False
0.05043722007011399,False
0.0,False
0.058145577748808366,False
0.003508168122092881,False
0.48316111426933533,False
0.07463370760050585,False
0.014099297468017769,False
0.0,False
0.18232759201091006,False
0.058525259426756356,False
0.05379078589930447,False
0.04235531279292176,False
0.713802016900898,False
0.05110338047732598,False
0.06719040111392086,False
0.048795540420029045,False
0.013720341857034588,False
0.016732818258596665,False
0.5442351499762181,False
0.012235929124206537,False
0.08438733666670405,False
0.07954128203652011,False
0.045282509362333384,False
0.051097953772427686,False
0.0,False
0.04491838468827206,False
0.7714661680719893,False
0.06485688365912665,False
0.11526879441757981,False
0.0,False
0.0569698019284395,False
0.061368259754429666,False
0.03444056264811563,False
0.035715514117869315,False
0.04294512156863401,False
0.0,False
0.05760741748808173,False
0.0614428405240608,False
0.05442541211122844,False
0.06435409663537169,False
0.0026959621358014696,False
0.041782313037655776,False
0.0036546921944883566,False
0.0953187292463595,False
0.5497092718865476,False
0.03032736866720133,False
0.02359678541334057,False
0.026930216529063748,False
0.0044958626283298645,False
0.009631537767859934,False
0.1955164023949338,False
0.06740561501353635,False
0.06472990223842578,False
0.0,False
0.05451731668514677,False
0.06511295363266542,False
0.032481963347264324,False
0.0,False
0.057482820149262606,False
0.05323236238193941,False
0.06027924811767642,False
0.052070881302476967,False
0.0,False
0.04670358156721708,False
0.035905221615422485,False
0.472896740840444,False
0.4039392951823395,False
0.07712858874248553,False
0.5532911571316469,False
0.0,False
0.00048558879755938004,False
0.043001424475577116,False
0.0,False
1.0,True
1.0,True
0.04030226294682825,False
0.046735580452421474,False
0.45521863619453423,False
0.479735668375346,False
0.058631982971444264,False
0.05471881779334862,False
0.036256433944308254,False
0.0455398012536581,False
0.0,False
0.3908680665742093,False
0.0,False
0.20124465584243975,False
0.0,False
0.1953614607570366,False
0.509191428867074,False
0.0,False
0.04914439853421391,False
0.05738595459053598,False
0.07873056107570832,False
0.025489195094235438,False
0.0012953807913533065,False
0.04763747847652141,False
0.036137178017508376,False
0.0,False
0.02735488174510805,False
0.04254329521900575,False
0.040213168157971,False
0.0,False
0.06352441622274041,False
0.05413389651586379,False
0.028030829469496824,False
0.48473999153846403,False
0.06791155345083613,False
0.0563714920541692,False
0.055954798912089106,False
0.054574567952541723,False
0.046515978531179523,False
0.0544701701657178,False
0.08523149603522111,False
0.06364658049538935,False
0.4579759454612267,False
0.46103729031622326,False
0.08256417951244803,False
0.038752846075708454,False
0.05129971087763837,False
0.34350625800505724,False
0.05678190115435068,False
0.07887391363564789,False
0.0,False
0.0,False
0.3892013286733971,False
0.06691819975190832,False
0.06981991526505008,False
0.0,False
0.2772342649459694,False
0.00467707538488365,False
0.0,False
0.06559766331306133,False
0.04947850253116289,False
0.019771223040385165,False
0.0739727702044477,False
0.07521282339568738,False
0.07727128713514105,False
0.0,False
0.0,False
0.044621471487738124,False
0.034900254431312935,False
0.06109445718917775,False
0.4601817902687359,False
0.0,False
0.060655873197285846,False
0.0,False
0.07321757449354316,False
0.04573806467478158,False
0.06448066533336466,False
0.07583096966390843,False
0.06528953178200743,False
0.05834525456001724,False
0.5350365433139619,False
0.08045117882721707,False
0.39340520909057375,False
0.05261646799922336,False
0.06427871535838725,False
0.058169707857891086,False
0.0,False
0.058410785425029574,False
0.0,False
0.050166732714533535,False
0.550271515543786,False
0.04680536091017286,False
0.03816704055085713,False
0.06341587257473531,False
0.06213790429728554,False
0.0,False
0.8057899982346078,False
0.0009101503474632313,False
0.0625237017318875,False
0.02681696665162568,False
0.0,False
0.02433320764474411,False
0.06603086806863498,False
0.07467996848721443,False
0.04940012342658086,False
0.035565938460577866,False
0.4380220566312087,False
0.06641482464067235,False
0.008831077400980844,False
0.16195552938864394,False
0.04967091962380112,False
0.0,False
0.035683998226101285,False
0.03945026940422318,False
0.056829563211522875,False
0.017523209726280967,False
0.05170811337576206,False
0.4498168197117424,False
0.05903132040057797,False
0.0,False
0.0,False
0.07145585678050384,False
0.05661083345466514,False
0.06768095782144613,False
0.016697166592960434,False
0.08257280717535967,False
0.04726623848672583,False
0.3098716314927248,False
0.04507187384414689,False
0.6914614793722145,False
0.08692001757845615,False
0.05078929902342697,False
0.052900672017422185,False
0.001666994875490814,False
0.08216226091872686,False
0.018723468085680036,False
0.026302716132623402,False
0.4381757639605539,False
0.05804149382742558,False
0.06125279406499029,False
0.035195324779352645,False
0.4819417381074439,False
0.007862095107074744,False
0.00873027168906258,False
0.06343858452097721,False
0.759106763479881,False
0.022996128680703977,False
0.3835991147229398,False
0.07046994438318,False
0.060049526064890855,False
0.049279883262359964,False
0.4632032015061001,False
0.04446903509180755,False
0.0,False
0.06416110598041919,False
0.05059597471330785,False
0.18891184042495313,False
0.0,False
0.08413389550669897,False
0.0,False
0.1777333037895102,False
0.07388562132357243,False
0.370145416949246,False
0.0,False
0.0,False
0.04258400272924805,False
0.038570467056769274,False
0.4828840843838781,False
0.4919750411496685,False
0.0444042315634362,False
0.04794534807498034,False
0.0,False
0.06374170523691713,False
0.07516700993867337,False
0.0,False
0.06686494216029198,False
0.398467381866993,False
0.026145130025768043,False
0.47064777827724846,False
0.0,False
0.5193404658026579,False
0.0813017344161959,False
0.06848190059052738,False
0.15784499512575736,False
0.07784584239568076,False
0.011640806486921666,False
0.7373021469142783,False
0.05549156436172682,False
0.08274493377346138,False
0.0683190922088107,False
0.0,False
0.035639558486190395,False
1.0,True
0.014912884091260794,False
0.04687857989468403,False
0.0,False
0.4716222557896964,False
0.04745423493306222,False
0.03437239093375109,False
0.0,False
0.07691044093617,False
0.0,False
0.0,False
0.07813943023141001,False
1.0,True
0.03376656379352796,False
0.0,False
0.44116216383661877,False
0.05205132549230503,False
0.0491967785275795,False
0.03105230955192097,False
0.16457542130681735,False
0.05456907597551591,False
0.39347148436107643,False
0.05820131238346927,False
0.06927560162164312,False
0.052465134681656374,False
0.045548012694779205,False
0.054580779405847435,False
0.0025922285759284983,False
0.03428790088174583,False
0.0,False
0.06479855807231633,False
0.09351285666669681,False
0.7806788374425513,False
0.041081479425719124,False
0.06222826229642704,False
0.09600330275645623,False
0.009117336835723527,False
0.0036693487709993874,False
0.020966493215671143,False
0.024029358008683357,False
0.06335905888883252,False
0.07151686075190082,False
0.05958736260423965,False
0.004369306907285186,False
0.037961149069217506,False
0.07909234298760597,False
0.0,False
0.4779710966216473,False
0.019756209810414625,False
0.0,False
0.04492701723574851,False
1.0,True
0.055625109276167636,False
0.4405826855565975,False
0.0,False
0.05077978155630211,False
0.07421326830809326,False
0.48049885335433434,False
0.02917316962915148,False
0.025272285405381404,False
0.476463534533992,False
0.0,False
0.0,False
0.0,False
0.013079332737699538,False
0.04985538079478448,False
0.0,False
0.03964904762741652,False
0.0,False
0.06623102611724502,False
0.03369103757156014,False
0.03714761805377243,False
0.06289758449630348,False
0.06904062348609281,False
0.04349622569787557,False
0.06418480381361504,False
0.049756330202497305,False
0.05199897603260216,False
0.03551068772657448,False
0.0791707910580254,False
0.06621623257622615,False
0.4198286340791135,False
0.06802722981262897,False
0.0,False
0.3904541687869106,False
0.4478619132926195,False
0.07411992225327992,False
0.0019161320754486678,False
0.05320112738929783,False
0.43285315530215956,False
0.0750083739205924,False
0.0,False
0.025522660185876477,False
0.7101109098363577,False
0.05995986118320806,False
0.5425061681855202,False
0.0881273709532393,False
0.03068695990199336,False
0.0,False
0.37097453635552946,False
0.08073930020632561,False
0.03107116700703246,False
0.0,False
0.06367126460091076,False
0.04404988070882831,False
0.06809390646934237,False
0.032570441380189115,False
0.024356668505990713,False
0.0,False
0.03960844134261284,False
0.0415967610563347,False
0.03294543910589726,False
0.07859444091724156,False
0.0,False
0.006307684250625264,False
0.04678883386163502,False
0.0,False
0.041481752695586356,False
0.0612637557718914,False
0.003864479212701769,False
0.0,False
0.012657133650076239,False
0.05906271747075332,False
0.05061380379592396,False
1.0,True
0.07091875324055785,False
0.055048266678620436,False
0.03187029837391321,False
0.15265117943870996,False
0.07410409752776104,False
0.0,False
0.20102006391582364,False
0.013046323921083715,False
0.0,False
0.5517933295096791,False
0.03539782023101063,False
0.0,False
0.033960304955664405,False
0.00993094383934136,False
0.0,False
0.0,False
0.042759543641526544,False
0.15873787986280405,False
0.13975093222229826,False
0.009400517718675252,False
0.3426458566424869,False
0.07789330005247219,False
0.05343459361707699,False
0.04020450633909543,False
0.06368593291729793,False
0.07914723799934192,False
0.06284078936230723,False
0.06175298548638735,False
0.054410839020885234,False
0.06117728478481628,False
0.02937872507119299,False
0.06697381006480635,False
0.06280892003705793,False
0.5035060012693677,False
0.061767626239291384,False
0.0,False
0.044683400276844774,False
0.47133773201584117,False
0.06360208893820053,False
0.0,False
0.06281754206344671,False
0.06048183726801356,False
0.011187780211765915,False
0.005533091752858018,False
0.0,False
0.037353865941267037,False
0.0020645463304345946,False
0.01910604184790724,False
0.0,False
0.049148141749386885,False
0.0,False
0.04560615508064316,False
0.0,False
0.0,False
0.06230240437562391,False
0.00187546329168843,False
0.05177433798120987,False
0.06583241348542732,False
0.19517084268638543,False
0.027537818078586514,False
0.006169749680090218,False
0.029220795523237118,False
0.04785491449701453,False
0.05173368944706804,False
0.19133067397559755,False
0.0,False
0.00840671005667718,False
0.08292732718535104,False
0.07936975671954122,False
0.052610536533796035,False
0.0,False
0.17452322181928073,False
0.02103197278814852,False
0.0,False
0.0520281078842897,False
0.04025711719592856,False
0.3872248357641445,False
0.7461446920520806,False
0.034909786716903396,False
0.010828507823107838,False
0.053882273839154775,False
0.4858047503655573,False
0.02598574454432884,False
0.030947823756409643,False
0.0,False
0.06868516955468046,False
0.03469929876631063,False
0.48887605712048887,False
0.034508643628563665,False
0.0,False
0.009569223967555107,False
0.0,False
0.7997593959807041,False
0.052685693504301204,False
0.18274462389890564,False
0.0013529178485642865,False
0.054103321958241704,False
0.046643829681436315,False
0.04211414152203734,False
0.0,False
0.06587850012156186,False
0.00711935752839473,False
0.0788252152595631,False
1.0,True
0.08784023475790496,False
0.45083332408962473,False
0.05239420527435045,False
0.0,False
0.4407886319038423,False
0.03284953343257462,False
0.024166909034183778,False
0.07970825634336404,False
0.4070209019886834,False
0.06524871715870798,False
0.03964608059095796,False
1.0,True
0.5797111481927002,False
0.05225236019955693,False
0.06629669490773087,False
0.033861638697287054,False
0.030256529235753796,False
0.03307548921883258,False
0.07714217111283794,False
0.043750444929489006,False
0.016965898791437794,False
0.08259567528240754,False
0.0047127164673691204,False
0.0,False
0.0,False
0.5786318084995681,False
0.05433476036594071,False
0.0,False
0.07444803484416351,False
0.0016858155615724411,False
0.06911926073978353,False
0.0,False
0.023358600107565023,False
0.7157572855311803,False
0.08997088084511838,False
0.04630545159361397,False
0.06068552509903075,False
0.03143237613330148,False
0.026420036974316514,False
0.7684956328178307,False
0.47399236954571805,False
0.03792226812069046,False
0.04351005729841969,False
0.0,False
0.01796609971217411,False
0.05326990945761447,False
0.04653644508574535,False
0.07368797486798907,False
0.05340650583128472,False
0.07058100449546506,False
0.048960561918854964,False
0.02995486232160724,False
0.07063811598570102,False
0.0,False
0.05476600868972967,False
0.07412633501988691,False
0.01817246598226826,False
0.0,False
0.5307997469687201,False
0.00091462142516124,False
0.0,False
0.0,False
1.0,True
0.0,False
0.06393504380035653,False
0.055476979970667764,False
0.005033658472742388,False
0.0,False
0.03569093595886264,False
0.04133041127609973,False
0.0,False
0.07059288019829127,False
0.0,False
0.0,False
0.05385519117019385,False
0.0,False
0.37244947024701647,False
0.06456730449722607,False
0.0010381734778100015,False
0.03985583068304499,False
0.06648422553662113,False
0.0,False
0.0,False
0.0,False
0.0,False
0.061573306014049964,False
0.03138404638912847,False
0.07559732468386063,False
0.06071866810275346,False
0.02073873679165115,False
0.01292665848613199,False
0.0,False
0.052849824697562275,False
0.4473844953416565,False
0.044666282496273586,False
0.0,False
0.0,False
0.0,False
0.052022116183333036,False
0.04070618263041594,False
0.061524781536685225,False
0.04503767216639563,False
0.08851122129098452,False
0.06865660356241254,False
0.027307637629985542,False
0.007535080642104071,False
0.019440337894025668,False
0.03779637018244585,False
0.019213566327163516,False
0.05341045959048233,False
0.08064823973584119,False
0.12323072536831037,False
0.051212596801492635,False
0.0,False
0.06614685402934799,False
0.04272751000118558,False
0.0,False
0.008956384813119332,False
0.060332474431401724,False
0.07419002360032112,False
0.02298249969793747,False
0.046050848642324574,False
0.05785740644002126,False
0.041261898476459724,False
0.0,False
0.08106990819077596,False
0.038555905831611365,False
0.0,False
0.03716606612948161,False
0.0011539485279323544,False
0.010579409926918108,False
0.19773588777235004,False
0.041355830960096145,False
0.055452426301196255,False
0.012113016967199958,False
0.013527201988863638,False
0.05051822658036645,False
0.0,False
1.0,True
0.0,False
0.023756675849756992,False
0.03570595089813684,False
0.05483176356025732,False
0.18549258488784187,False
0.38522618289049215,False
0.07831251877480566,False
0.09397808034352796,False
0.059398977702631986,False
0.05562945819777787,False
0.07209363465156603,False
0.45973123528951665,False
0.079409291457056,False
0.0,False
0.004750849928975705,False
0.05183005401923985,False
0.047293554262508246,False
0.08090911683310352,False
0.0017122784256254598,False
0.04210511976756531,False
0.09398461443208578,False
0.5069516127236113,False
0.08616766945853703,False
0.04462166229773097,False
0.05675059370842834,False
0.20592260933125736,False
0.030034023897303093,False
0.035090438663176064,False
0.0719838360480259,False
1.0,True
0.045245875310763475,False
0.058020533545276476,False
1.0,True
0.0514956708977256,False
0.0,False
0.025771093863078746,False
0.0019751943692686647,False
0.369249185603706,False
0.028011067932961025,False
0.0,False
0.0,False
0.061337265741668937,False
0.06467036711962339,False
0.053449477523150664,False
0.06258134687303496,False
0.3782337744575347,False
0.0,False
0.03866388146770035,False
0.0,False
0.06202911910990198,False
0.19874308983281241,False
0.06830380040859858,False
0.566605799199018,False
0.0,False
0.05166768812154927,False
0.05363167198112084,False
0.044621087444506394,False
0.5214763716348869,False
0.06808365018281204,False
0.023754346856459902,False
0.4742102807498066,False
0.015507549268464885,False
0.030927699901271158,False
0.06996413437828741,False
0.048635037681318834,False
0.05112036004868404,False
0.09139121351676335,False
0.3711753023706714,False
0.047880774756317634,False
0.044050362089352466,False
0.17547792282873562,False
0.0,False
0.017000961610317635,False
0.0,False
0.4025812206016146,False
0.053020321521620756,False
0.06174451605920577,False
0.0,False
0.03716903444101018,False
0.05957231958012433,False
0.053328726075030676,False
0.0,False
0.06028659549903349,False
0.09200715241121907,False
0.017035833126030454,False
0.07083327432409355,False
0.029258203694826325,False
0.0,False
0.10612166184079984,False
0.06687148372735584,False
0.03401812952803349,False
0.02043329777257721,False
0.008205930590926858,False
0.003929071470664993,False
0.06849827779928325,False
0.14666957247036988,False
0.06752383124599703,False
0.19153625372510583,False
0.003968383642628338,False
0.0,False
0.0787903595931558,False
0.08851493689882171,False
0.007384022176799499,False
0.04456241309949637,False
0.06689975687292442,False
0.010332218759246135,False
0.010608851535956292,False
0.0,False
0.06048956729432733,False
0.0,False
0.09408402465504118,False
0.4485402176191917,False
0.3919452086826926,False
0.07928834710890378,False
0.0,False
0.01461694388891056,False
0.017824439989493766,False
0.0,False
0.36150877397695147,False
0.01821667060508476,False
0.04958289228908939,False
0.0,False
0.0670576209874091,False
0.031715338298729134,False
0.03479870559159313,False
0.07251271884020422,False
0.06762607841957086,False
0.05129425115366666,False
1.0,True
0.056906711677012965,False
0.06132204470148124,False
0.09012994155210698,False
0.46418723243770876,False
0.0,False
0.022492058270588835,False
0.08810439564633898,False
0.0,False
0.02384511656366638,False
0.04799299019772912,False
0.18762461066358488,False
0.0,False
0.0,False
0.05507587669021132,False
0.03725210919515128,False
0.059636640173826104,False
0.0749928083696095,False
0.5034372268796184,False
0.33400488843972975,False
0.004811736307913051,False
0.028559760571915154,False
0.007447384990475145,False
0.0,False
0.019071094028787105,False
0.023347878034282343,False
0.0842424300468422,False
0.035083692927512185,False
0.0285573771922742,False
0.08376077105974941,False
0.0,False
0.012441306401623567,False
0.055741805489645024,False
0.07456478013919647,False
0.03188189281703325,False
0.0,False
1.0,True
0.023300039768809636,False
0.06687608856389955,False
1.0,True
0.0031740114039467493,False
0.05528928833993131,False
0.07501168974106392,False
0.4755413612792246,False
0.08262280238192164,False
0.040592377224477505,False
0.0,False
0.0286951342161709,False
0.0,False
0.0547411187441719,False
0.05062780763760432,False
0.019731098882897032,False
0.07578305453029949,False
0.0,False
0.033304471411282364,False
0.05088477163720732,False
0.02108383366868227,False
0.0,False
0.0,False
0.13829047552204493,False
0.050613602474558615,False
0.04722176389555265,False
0.0,False
0.07200736660407821,False
0.07449302969028473,False
0.0,False
0.05326514470207121,False
0.001802007415497279,False
1.0,True
0.47871188861985214,False
0.5687467884636246,False
0.023078605298083896,False
0.07058707154482825,False
0.0008619789555858842,False
0.09319588306668627,False
0.7524112401253004,False
0.0028352664338378575,False
0.3907587587509555,False
0.0,False
0.06637531830399582,False
0.4432318966786523,False
0.3810438456755888,False
0.009813768169830572,False
0.0333463235617336,False
0.02183224759807124,False
0.030625687135352343,False
0.07991200440600961,False
0.057139157159068366,False
0.0,False
0.03830223269416382,False
0.06285736751066867,False
0.0,False
0.1304279093807509,False
0.0,False
0.09248498524047377,False
0.03383109129234833,False
0.0,False
0.05237765604926566,False
0.05559189296660872,False
0.09476132691047996,False
0.07150821781791099,False
0.4902171362447517,False
0.08177662345157702,False
0.06753117083490427,False
0.34043246199358906,False
0.12584558874055904,False
0.07854449135815122,False
0.0710354129348258,False
0.004834924778620872,False
0.0,False
0.06912746744144034,False
0.0,False
0.17984369469135128,False
0.03775970144286266,False
0.18204713392731595,False
0.049500449894447185,False
0.0,False
0.15532086663516068,False
0.7483632829424018,False
0.028268786946885536,False
0.0,False
0.034962457765107285,False
0.050882177469585954,False
0.40678945402236716,False
0.05141641915288139,False
0.0,False
0.07284777992158291,False
0.06555721414840321,False
0.030790566119778658,False
0.001917463280443723,False
0.7295891411494791,False
0.052903947495686145,False
1.0,True
0.03339891554210244,False
0.0743717655168821,False
0.08514776503638956,False
0.07538433662162193,False
0.0,False
0.0,False
0.0,False
0.0,False
0.011050984149355767,False
0.06922992511366692,False
0.01009827636455416,False
0.06117337003280449,False
0.04253451125853556,False
0.01452380060516204,False
0.016237847713768405,False
0.09605553492423483,False
0.0,False
0.4614140140359467,False
0.004027118570725396,False
0.05094114129336137,False
0.08139395915465451,False
0.0,False
0.06309041576132897,False
0.015128376577603365,False
0.08181108662471671,False
0.04305335250025758,False
0.07655199936144144,False
0.030875211657564232,False
0.0,False
0.046966286325129815,False
0.07850115230920712,False
0.03892590916577415,False
0.0,False
0.0,False
0.0,False
0.02647762185219065,False
0.02449762569898206,False
0.0,False
0.06683531950808366,False
0.05158201523333303,False
0.0787517817647822,False
0.04498413041522509,False
0.010432103126834883,False
0.06537595078720487,False
0.05675639301666929,False
0.03779404337811794,False
1.0,True
0.04927324851155308,False
0.03735158270469218,False
0.4583254014587837,False
0.034043005989215676,False
0.01073862655642603,False
0.15154990376645697,False
0.0744050541876487,False
0.0,False
0.07516865872478316,False
0.4012941474806077,False
0.011463476572911059,False
0.043583927041233095,False
0.055324464917086716,False
0.026316285047540345,False
0.05300712832764828,False
0.024914994168242374,False
0.05618551927297619,False
0.055864971396328025,False
0.34445260325944355,False
0.04451027918910996,False
0.13881177741989856,False
0.06588967545078132,False
0.045648076220872705,False
0.07386616958583608,False
0.0,False
0.04481302212873066,False
0.0,False
0.016892087114999666,False
0.03285498876090426,False
0.0,False
0.04275661359802159,False
0.08475960443318,False
0.008081686186797464,False
0.04162477969634046,False
0.0,False
0.0,False
0.07237202346246416,False
0.5588537659167555,False
0.08302201163987903,False
0.06515509560620443,False
0.008136980728670046,False
0.0,False
0.0,False
0.053370049604428586,False
0.0,False
0.06696917762535666,False
0.0688582980608997,False
0.02862557810512938,False
0.42044267949266234,False
0.0,False
0.39582881419920296,False
0.4639635713626918,False
1.0,True
0.05501545197691546,False
0.09507797644929059,False
0.06449972535933364,False
0.0,False
0.3646056501893446,False
0.4851503962680884,False
0.06536258103997945,False
0.037169651676414964,False
0.0,False
0.052651371594082855,False
0.05278821230012026,False
0.5557935072174928,False
0.013678289218115631,False
0.029298592634501103,False
0.05911748399286749,False
0.07006089264658434,False
0.06680822776494104,False
0.0,False
0.0,False
0.058663663437557995,False
0.0,False
0.020327392994193207,False
0.0,False
0.09028439955549931,False
0.028351238785708926,False
0.0,False
0.05046249508332192,False
0.07613188495641046,False
1.0,True
0.07903015114002308,False
0.016747647990699287,False
0.036591132702346846,False
0.0,False
0.04483836150767086,False
0.0922353518933736,False
0.0665068318293313,False
0.5363719185561082,False
0.7175032694583394,False
0.05312294462931632,False
0.047772204438181184,False
0.019686282815431062,False
0.04790570534686324,False
0.033737412639102696,False
0.059945038400290016,False
0.015348124441900405,False
0.012860560910909107,False
0.0,False
0.021472633983554028,False
0.07732357523854162,False
0.0,False
0.00678676261967673,False
0.04486815940741679,False
0.046690795271479756,False
0.013486074006746208,False
0.0,False
0.17069042151577352,False
0.09382303691365251,False
0.03263782797044497,False
0.07421985616501409,False
0.03571563884521882,False
0.17441864202732105,False
0.06056536373099131,False
0.02002219699854337,False
0.7783396702259109,False
0.03341790448123085,False
0.042393697148283234,False
0.026543569896584743,False
0.09041832526650104,False
0.0470450267986067,False
0.4973595893469975,False
0.03691117036969385,False
0.07448406961490524,False
0.05478222263186335,False
0.01648060103082901,False
0.0,False
0.08489162503864643,False
0.08453225971573969,False
0.0017271373638927455,False
0.42393645080228115,False
0.06014384279615811,False
0.05823870965671799,False
0.034697636645968796,False
0.04475408068588316,False
0.07475203449720404,False
0.0,False
0.043768502972443925,False
0.3638037492286399,False
0.026475782046218917,False
0.07305153072923279,False
0.014853724327515017,False
0.06348240253024715,False
0.027145826854382157,False
0.06586114329228024,False
0.0,False
0.018765113787543697,False
0.0,False
0.06904516561714377,False
0.020121706126680343,False
0.07439149844891148,False
0.0668418548359193,False
0.029000904057100516,False
0.07302043857335935,False
0.0002832284878260829,False
0.07452484384003309,False
0.04456376476149764,False
0.0657418716692375,False
0.060662993290060585,False
0.0049490170864683585,False
0.0,False
0.03300476069334892,False
0.0,False
0.037755478428752265,False
0.032008978558463956,False
0.5550546543415897,False
0.03466343828297632,False
0.061664400058904736,False
0.0,False
0.0,False
0.7483226601427933,False
0.39844063991674683,False
0.07408499090159884,False
0.06892397591697567,False
0.04918841106908105,False
0.058735064815442585,False
0.042062279275193966,False
0.0,False
0.05164725672035406,False
0.047722575938339964,False
0.05839338419705831,False
0.01579969747099231,False
0.049526018379697105,False
0.0674095891430118,False
0.09329352305234226,False
0.0,False
0.024715019065758754,False
0.06774936311640138,False
0.005556701860718368,False
0.5570674877556765,False
0.007218783988988596,False
0.07426465353948342,False
0.06940433839812626,False
0.023049191812026144,False
0.04074430053944567,False
0.048463262031521466,False
0.07892070683440856,False
0.049820714125135106,False
0.057890679948807956,False
0.009689998426461531,False
0.07813768634200827,False
0.041119223041626185,False
0.08100383756905842,False
0.05961429263416205,False
0.0736673006396148,False
0.05523465935975151,False
0.04889211355301244,False
0.08279250545708547,False
0.06807853069167279,False
0.04126257819021865,False
0.07963462049979189,False
0.016143650726536417,False
0.04983953357520226,False
0.1841559376221767,False
0.7252424373499485,False
0.5472834532618633,False
0.3991188351365493,False
0.032294511255867554,False
0.05303413320753183,False
0.5188130239853749,False
0.0813215759394232,False
0.0,False
0.0,False
0.011611683796841831,False
0.7261727240250329,False
0.06329487670030406,False
0.06128433473846609,False
0.03583817404082742,False
0.07290669336816595,False
0.0820075472128942,False
0.06004059172805632,False
0.4267081099107522,False
0.0,False
0.4570793399829948,False
0.037778937227014725,False
0.0677579516610026,False
0.056206973098369535,False
0.007451493642267706,False
0.0,False
0.02171402798115554,False
0.7604399415735943,False
0.014728555563182219,False
0.0,False
0.0,False
0.0632849208610282,False
0.0,False
0.3883481869986555,False
0.0,False
0.46539073044629864,False
0.05121777880374239,False
0.05203346269232252,False
0.0,False
0.08157598341992868,False
0.15845090866083023,False
0.05106679542591776,False
0.025078944105409576,False
0.0,False
0.14988323773801868,False
0.05007385405677257,False
0.05610165818573882,False
0.011422381936624496,False
0.022970859978373625,False
0.31926170384373453,False
0.07358211829556531,False
0.050107074261260855,False
0.2920929067802772,False
0.0,False
0.03858398787863391,False
0.0,False
0.0,False
0.05871187525379805,False
0.020902133679138693,False
0.0,False
0.018347054378469084,False
0.06934629072082621,False
0.059018061279865495,False
0.056369380638089356,False
0.0,False
0.0,False
0.07082467299738686,False
0.052529305467330915,False
0.04958161165123027,False
0.026868163755146224,False
0.07866424491129845,False
0.046822598097551675,False
0.05710776899407813,False
0.45032819546446995,False
0.02369344694658456,False
0.012434437493792172,False
0.05511084129016404,False
0.48919157143271647,False
0.0016247889102874754,False
0.01943347343776015,False
0.07534810566630755,False
0.017430417720480085,False
0.0,False
0.3889368400925987,False
0.029716162369773317,False
0.03723121291566947,False
0.04963146846101168,False
0.045443868559946525,False
0.06956858029324686,False
0.05662554678279089,False
0.0,False
0.023536155463437052,False
0.04476839868749766,False
0.04971323641746983,False
0.0,False
0.02572229454094791,False
0.020844329703367095,False
0.0,False
0.013558879443014007,False
0.07784964393278485,False
0.07127961856358915,False
0.5795027926968273,False
0.21339383288228778,False
0.06549369784701774,False
0.03417091158175202,False
0.0,False
0.012352644006919001,False
0.02378774021712071,False
0.042340860558828505,False
0.0,False
0.0,False
0.0,False
0.04736358120862431,False
0.0,False
0.0,False
0.013109440419975377,False
0.0,False
0.17568766339702432,False
0.17146412715482967,False
0.27077745585874974,False
0.0,False
0.06384519394357732,False
0.05547937049727274,False
0.05990047750913206,False
0.06072127087107975,False
0.5442619583454096,False
0.0,False
0.044860713444067286,False
0.08116974484283226,False
0.0,False
0.08085467085341483,False
0.09043913384637788,False
0.06296633919538504,False
0.07403768255363294,False
0.7570591984856806,False
1.0,True
0.06340302308595602,False
0.06374308074902527,False
0.4874134455940999,False
0.07946940624995433,False
0.008464884394778322,False
0.06891765777919048,False
0.057950999232655724,False
0.026919618536297946,False
0.08069718626740073,False
0.0,False
0.0,False
0.07447674181534776,False
0.18143925100831151,False
0.04232724962805275,False
0.0477958218629075,False
0.04172035385229179,False
0.05603399792278403,False
0.0787932245044506,False
0.037014912400651495,False
0.0,False
0.1905725190416352,False
0.04481820850689475,False
0.5525467428787382,False
0.16455999619029624,False
0.040828846133703856,False
0.0134182030145201,False
0.04634206659004838,False
0.48385237064080444,False
0.0,False
0.03539914106854251,False
0.029039058356612905,False
0.03153314184337358,False
0.0,False
0.04589953208875421,False
0.0,False
0.0,False
0.08104192194057591,False
0.0068029726849391904,False
0.060775588528769756,False
0.05384085814647426,False
0.0,False
0.04573562299433549,False
0.07845974506449625,False
0.08534100955927411,False
0.03449934866554172,False
0.08822951849538654,False
0.021440832641137872,False
0.034831446753271406,False
0.062450444001899454,False
0.06302151488607433,False
0.04352372324372429,False
0.04477604656986097,False
0.04458637475886822,False
0.15782287831229624,False
0.025964930095716175,False
0.3480400215076499,False
0.07070627156379432,False
1.0,True
0.06785101176132202,False
0.07572963326007821,False
0.06760529190523276,False
0.061008709468565604,False
0.02002562608031092,False
1.0,True
0.053044644060563806,False
0.037756852151291424,False
0.07075552834667226,False
0.06467335572271471,False
0.19720832792784163,False
0.43127512276451196,False
0.12805718946284894,False
0.07643714057982806,False
0.026744728743816962,False
0.03927638956992137,False
0.15571926628188365,False
0.08098348037942474,False
0.04934280040964177,False
0.036352065369830794,False
0.05847804081957741,False
0.5404888240012252,False
0.0,False
0.37998482198350947,False
0.024250905895676748,False
0.07909368868376386,False
0.08969492718825513,False
0.07080739243239206,False
0.03732727724419728,False
0.07751683344169039,False
0.048808036155482695,False
0.0021376624351435,False
0.05976657753668783,False
0.043636554807723174,False
0.05907140603142146,False
0.08013670537502876,False
0.0,False
0.047258484637792,False
0.0,False
0.0,False
0.09114563648065638,False
0.020027365093597666,False
0.7498149021593966,False
0.07687622329327559,False
0.0,False
0.025166754017839427,False
0.05487439346092,False
0.4869711808000406,False
0.07190134051320501,False
0.04687974100509522,False
0.21436166276328986,False
0.05646272685849748,False
0.04300815407850081,False
0.06045101496456884,False
0.012410272856464887,False
0.048195021052972714,False
0.006248989302550426,False
0.0,False
0.0,False
0.07661783527020549,False
0.039582639783034695,False
0.06276887971828461,False
0.018904948876043652,False
0.012114588283690685,False
0.04499006737544295,False
0.05612857462502933,False
0.035147649775092785,False
0.07691548225303999,False
0.014074300790152408,False
0.4530123615029427,False
0.0,False
0.0,False
0.07450161926624846,False
0.0,False
0.19457981220297887,False
0.06945130010266108,False
0.07274795036889693,False
0.0,False
0.05159206098159061,False
0.04960369003624692,False
0.0,False
0.06329588681558536,False
1.0,True
0.048204349763856374,False
0.0,False
0.061547900502208444,False
0.08135955664411051,False
0.0383208037985242,False
0.5023638203601177,False
0.09121334818507638,False
0.05809818496495626,False
0.023497751255398807,False
0.003242061337815319,False
0.0,False
0.0,False
0.0,False
0.05824551948738369,False
0.04061121795401919,False
0.0,False
0.011863258238916556,False
0.06940358007404054,False
0.0470894015025782,False
0.0694145494287186,False
0.014673811846136928,False
0.49858162443665116,False
0.07060147591055718,False
0.04269340969314261,False
0.0,False
0.03433870968331661,False
0.3762713455734561,False
0.0904675552016677,False
0.024203072936493784,False
0.040937122142764334,False
0.0,False
0.015259444421958236,False
0.03673880278384505,False
0.07330843700852303,False
0.04588862112071585,False
0.03950821393728244,False
0.024668764467700922,False
0.04147024927735994,False
0.0,False
0.0921783174902459,False
0.004556911992311594,False
0.4761259313866563,False
0.05063556688661737,False
0.07789815113945035,False
0.016199571683126853,False
0.0,False
0.018639413599380514,False
0.033788920016467834,False
0.07121636185488871,False
0.4485885824924578,False
1.0,True
0.07461454134223741,False
0.011779500665135445,False
0.0,False
0.009125713531105705,False
0.02247868534789159,False
0.0,False
1.0,True
0.019627572643471817,False
0.0,False
0.0,False
0.062388825964975546,False
0.09920156937010231,False
0.02940446228865736,False
0.1596793210911465,False
0.0,False
0.0071624327066016884,False
0.0727726915710544,False
0.0,False
0.0814540756688545,False
0.06303226061974453,False
0.05337082679881327,False
0.07069461788972815,False
0.07060927372734223,False
0.043557156758544206,False
0.01945216994687147,False
0.033264461113675065,False
0.057310704435338596,False
0.0641546349133018,False
0.0,False
0.0788334090163567,False
0.0,False
0.053554563930634035,False
0.006749052742882541,False
0.7632643681186724,False
0.06371737840617032,False
0.04327745879779012,False
0.027740878095526108,False
0.0,False
0.5676731338216353,False
0.061414289837135136,False
0.0,False
0.061021315565964115,False
0.004874562785795384,False
0.0,False
0.02190722198087415,False
0.00655744552056594,False
0.037095393635246145,False
0.3234809266920572,False
0.0541738026933673,False
0.0,False
0.19265045519170232,False
0.04513933920677779,False
0.06340263308262586,False
0.012309201138648132,False
0.021348830872779098,False
0.05085654819908656,False
0.050533007044931924,False
0.17439476896588801,False
0.0738160123819427,False
0.0,False
0.07357478928448291,False
0.08541870485668614,False
0.07646095150514433,False
0.06491305110378075,False
0.055284581094733456,False
0.06333691485364196,False
0.03921825346517294,False
0.3954386258405318,False
0.029102131119544534,False
0.0395919890557513,False
0.06336027017303796,False
0.0,False
0.0,False
0.05358666497734533,False
0.4501081474004755,False
0.025422220818344585,False
0.08150293641439509,False
0.019304249892158273,False
0.04696813329782825,False
0.0,False
0.06811163707236291,False
0.19580014573151086,False
0.19786248562086542,False
0.0,False
0.09380902456358889,False
0.0,False
0.0,False
0.04556744310320472,False
0.05059315258197333,False
0.005325067046418382,False
0.18982007611879,False
0.41039120171334315,False
0.0,False
0.0,False
0.029335018367795524,False
0.01563670537992212,False
0.024606971933112464,False
0.45029095985866274,False
0.011747392088802265,False
0.04644455771798154,False
0.006794019396796908,False
0.04913835798030315,False
0.00758595366634347,False
0.036111728574047985,False
0.04534102725650985,False
0.19350743887230865,False
0.08618843209616273,False
0.4013727730969289,False
0.04339334494267453,False
0.0,False
0.05312729501361642,False
0.0,False
0.5055028710774768,False
0.07599271595197343,False
0.029027653398857992,False
0.04059399646818211,False
0.05948010547034396,False
0.03855026405770471,False
0.0,False
0.4313161203746537,False
0.04894117933805514,False
0.07264430955211876,False
0.474606620413176,False
0.010101970622297111,False
0.10500584629697533,False
0.04816489076575785,False
0.013215780823048187,False
0.05328528061174046,False
0.02439727074397111,False
0.04454016897349433,False
0.04035000579596034,False
0.062108650393411166,False
0.49067019765543063,False
0.03901334910962331,False
0.013180731611155171,False
0.0,False
0.0,False
0.0,False
0.0,False
0.0,False
0.0,False
